DestCountry,DestWeather,DistanceMiles,FlightDelayMin,OriginCountry,OriginWeather,dayOfWeek
RU,Sunny,8077.949,0,ZA,Sunny,3
AR,Clear,5587.387,0,US,Heavy Fog,3
AT,Clear,5524.552,0,US,Rain,3
AT,Clear,6326.529,0,MX,Heavy Fog,3
CH,Damaging Wind,0,0,CH,Cloudy,3
KR,Sunny,5673.914,0,IT,Cloudy,3
CN,Rain,6410.162,0,CA,Sunny,3
CN,Damaging Wind,667.912,0,CN,Sunny,3
CH,Cloudy,0,0,CH,Sunny,3
GB,Cloudy,688.945,0,ES,Rain,3
RU,Cloudy,1106.89,330,TR,Damaging Wind,3
CN,Rain,6410.162,0,CA,Clear,3
CA,Cloudy,3648.614,0,DE,Rain,3
CH,Clear,1675.632,0,RU,Heavy Fog,3
GB,Cloudy,4190.6,0,IN,Clear,3
IT,Cloudy,5230.753,0,US,Clear,3
CN,Cloudy,7607.487,135,US,Clear,3
PE,Rain,6838.941,0,IT,Heavy Fog,3
US,Cloudy,4313.861,0,FI,Damaging Wind,3
IT,Thunder & Lightning,2505.656,0,AE,Rain,3
US,Clear,5837.224,0,IT,Rain,3
IT,Thunder & Lightning,6047.907,0,JP,Rain,3
CN,Cloudy,5516.256,0,DE,Heavy Fog,3
US,Thunder & Lightning,0,0,US,Rain,3
US,Sunny,5265.19,0,RU,Clear,3
US,Rain,2529.373,0,CO,Thunder & Lightning,3
SE,Rain,4616.465,0,KR,Cloudy,3
RU,Thunder & Lightning,1461.431,0,IT,Clear,3
CN,Rain,7474.979,0,US,Rain,3
NO,Clear,5344.506,225,US,Rain,3
EC,Damaging Wind,6257.449,165,IT,Sunny,3
IT,Sunny,229.89,0,IT,Clear,3
IT,Clear,560.281,0,IT,Rain,3
PL,Cloudy,1182.318,0,RU,Sunny,3
JP,Cloudy,9351.077,90,ZA,Damaging Wind,3
CH,Heavy Fog,0,45,CH,Rain,3
US,Clear,9026.317,0,ZA,Damaging Wind,3
IT,Sunny,996.838,0,SE,Hail,3
US,Cloudy,2214.429,0,US,Thunder & Lightning,3
EC,Damaging Wind,0,270,EC,Cloudy,3
IT,Sunny,10207.122,195,AU,Thunder & Lightning,3
SE,Cloudy,1024.509,105,IT,Cloudy,3
JP,Clear,5962.362,0,IT,Cloudy,3
EC,Cloudy,6265.268,0,DK,Cloudy,3
US,Cloudy,3483.386,0,GB,Rain,3
RU,Rain,1216.73,0,JP,Cloudy,3
CA,Cloudy,0,75,CA,Rain,3
IT,Sunny,4737.265,60,US,Heavy Fog,3
US,Damaging Wind,8789.95,0,ZA,Rain,3
PR,Cloudy,9146.678,0,IN,Cloudy,3
IT,Clear,10042.978,0,AU,Hail,3
CA,Cloudy,9067.372,0,ZA,Clear,3
IT,Hail,5615.939,150,KR,Thunder & Lightning,3
RU,Clear,6653.011,0,MX,Clear,3
SE,Clear,882.008,0,GB,Clear,3
GB,Rain,5892.621,0,CN,Heavy Fog,3
IT,Clear,4812.89,240,RU,Cloudy,3
US,Rain,753.136,0,US,Hail,3
US,Heavy Fog,215.113,0,US,Damaging Wind,3
US,Damaging Wind,2172.184,0,US,Sunny,3
IT,Cloudy,2826.626,0,AE,Heavy Fog,3
PL,Clear,5304.303,0,JP,Rain,3
IT,Clear,4092.242,0,US,Clear,3
PL,Thunder & Lightning,5260.591,300,US,Sunny,3
CA,Sunny,10600.296,0,AU,Damaging Wind,3
CO,Thunder & Lightning,0,0,CO,Hail,3
PL,Heavy Fog,680.027,165,IT,Cloudy,3
JP,Rain,11407.381,0,AR,Thunder & Lightning,3
CA,Cloudy,6295.252,0,AR,Damaging Wind,3
RU,Heavy Fog,1896.477,0,CN,Sunny,3
AT,Damaging Wind,4833.641,0,US,Rain,3
AU,Cloudy,9358.029,0,US,Damaging Wind,3
CA,Sunny,4620.663,0,AT,Sunny,3
CH,Damaging Wind,4948.838,0,CN,Clear,3
CN,Thunder & Lightning,5673.476,0,IT,Sunny,3
PL,Thunder & Lightning,5000.006,0,JP,Cloudy,3
RU,Sunny,852.672,0,RU,Sunny,3
CN,Clear,5701.798,285,ES,Clear,3
RU,Rain,5282.773,315,PR,Rain,3
US,Cloudy,8175.918,90,ZA,Cloudy,3
AT,Sunny,5345.672,0,US,Sunny,3
JP,Sunny,5834.707,0,DE,Clear,3
CN,Cloudy,5137.876,15,GB,Rain,3
CN,Rain,5136.078,0,DK,Sunny,3
CN,Rain,7318.574,0,US,Sunny,3
US,Damaging Wind,7076.534,210,CN,Cloudy,3
PL,Cloudy,4227.613,45,US,Sunny,3
US,Sunny,1719.139,315,CA,Cloudy,3
IT,Cloudy,4814.012,0,CA,Damaging Wind,3
IT,Sunny,560.281,0,IT,Sunny,3
US,Clear,4653.334,0,IT,Damaging Wind,3
CA,Cloudy,8878.184,0,AU,Damaging Wind,3
CN,Thunder & Lightning,7595.971,0,US,Sunny,3
US,Rain,2706.921,0,CO,Sunny,3
AU,Thunder & Lightning,9693.614,270,IT,Hail,3
AT,Clear,5145.729,0,KR,Cloudy,3
CO,Thunder & Lightning,5588.161,0,DE,Cloudy,3
ZA,Rain,9725.573,0,CA,Cloudy,3
US,Sunny,3739.187,0,GB,Heavy Fog,3
IT,Sunny,123.965,0,IT,Cloudy,3
ZA,Cloudy,794.586,285,ZA,Clear,3
CH,Rain,5971.561,150,JP,Clear,3
IT,Clear,5209.071,0,US,Thunder & Lightning,3
JP,Clear,9296.058,180,PE,Damaging Wind,3
PR,Thunder & Lightning,9146.678,0,IN,Clear,3
CA,Rain,0,0,CA,Sunny,3
US,Rain,3391.87,0,EC,Rain,3
NO,Cloudy,5721.997,0,MX,Rain,2
RU,Cloudy,1461.431,0,IT,Clear,2
AR,Hail,6251.409,0,ES,Rain,2
IN,Sunny,3981.972,0,IT,Clear,2
US,Heavy Fog,7443.515,0,AE,Clear,2
IT,Hail,6485.985,150,MX,Sunny,2
IT,Heavy Fog,6551.519,270,PE,Hail,2
IT,Rain,3881.655,0,IN,Cloudy,2
IT,Sunny,5966.366,15,JP,Clear,2
US,Heavy Fog,2329.729,0,US,Clear,2
CA,Sunny,2305.215,165,MX,Hail,2
IT,Damaging Wind,313.664,0,IT,Cloudy,2
IT,Cloudy,6013.686,165,JP,Rain,2
PL,Sunny,4505.023,0,US,Rain,2
JP,Clear,6480.75,0,US,Sunny,2
CN,Rain,1517.934,0,RU,Thunder & Lightning,2
DE,Rain,85.334,0,DE,Heavy Fog,2
FI,Hail,1180.615,0,FR,Rain,2
IT,Sunny,5938.873,0,US,Cloudy,2
CA,Thunder & Lightning,3729.515,0,DE,Clear,2
JP,Rain,5530.068,0,GB,Rain,2
CA,Cloudy,2305.215,0,MX,Clear,2
JP,Rain,0,0,JP,Thunder & Lightning,2
AT,Sunny,1035.638,135,RU,Thunder & Lightning,2
AT,Cloudy,800.071,0,SE,Cloudy,2
EC,Hail,1527.763,180,PR,Cloudy,2
PL,Thunder & Lightning,4813.188,0,KR,Hail,2
IN,Sunny,6757.437,0,CA,Cloudy,2
US,Clear,4309.267,30,GB,Rain,2
US,Sunny,1570.942,0,PR,Heavy Fog,2
ZA,Clear,10022.5,0,CA,Cloudy,2
CN,Clear,5147.345,0,AU,Clear,2
AU,Rain,9429.73,0,US,Sunny,2
NO,Rain,5773.738,165,CO,Hail,2
CH,Hail,3819.376,0,CA,Damaging Wind,2
RU,Cloudy,3889.915,0,CA,Heavy Fog,2
IT,Damaging Wind,71.533,105,IT,Damaging Wind,2
IT,Sunny,5500.07,0,KR,Heavy Fog,2
CH,Thunder & Lightning,0,0,CH,Sunny,2
PE,Heavy Fog,10139.213,0,KR,Thunder & Lightning,2
CN,Sunny,5617.508,0,IT,Damaging Wind,2
CA,Rain,8155.737,0,ZA,Damaging Wind,2
IE,Cloudy,1217.315,300,IT,Sunny,2
DK,Cloudy,1099.59,0,ES,Hail,2
IT,Heavy Fog,120.706,0,IT,Sunny,2
EC,Rain,6265.268,0,DK,Cloudy,2
IT,Sunny,4298.709,0,IN,Thunder & Lightning,2
AU,Clear,9585.115,225,US,Thunder & Lightning,2
RU,Sunny,4915.671,330,IT,Hail,2
IN,Hail,4023.144,285,RU,Cloudy,2
CN,Hail,8982.687,0,PR,Sunny,2
GB,Thunder & Lightning,754.898,0,ES,Hail,2
DE,Rain,884.458,0,ES,Rain,2
RU,Cloudy,7845.181,0,PE,Clear,2
AR,Cloudy,6918.808,0,IT,Damaging Wind,2
CH,Heavy Fog,0,0,CH,Hail,2
US,Hail,5716.007,150,RU,Clear,2
IT,Cloudy,4560.424,0,IN,Clear,2
CN,Sunny,4925.908,0,IT,Damaging Wind,2
IN,Clear,4417.168,120,NO,Cloudy,2
DE,Thunder & Lightning,233.393,360,IT,Cloudy,2
AT,Thunder & Lightning,5424.614,30,ZA,Clear,2
CH,Hail,0,0,CH,Sunny,2
IT,Damaging Wind,4218.1,0,US,Cloudy,2
US,Cloudy,5360.005,0,IT,Sunny,2
US,Hail,1017.681,270,US,Rain,2
JP,Thunder & Lightning,8593.894,0,EC,Clear,2
CN,Rain,7144.859,0,US,Hail,2
DK,Rain,3017.968,0,AE,Rain,2
IT,Clear,5670.838,240,CO,Clear,2
IT,Sunny,118.621,0,IT,Clear,2
RU,Thunder & Lightning,6196.163,0,AU,Cloudy,2
CH,Thunder & Lightning,0,0,CH,Clear,2
CA,Clear,0,0,CA,Rain,2
PR,Sunny,4511.876,0,DE,Cloudy,2
AU,Sunny,10154.879,0,PR,Thunder & Lightning,2
IN,Sunny,6249.047,210,AU,Cloudy,2
IN,Rain,6757.437,0,CA,Rain,2
AT,Sunny,4329.582,75,CA,Damaging Wind,2
IN,Sunny,7958.076,0,US,Heavy Fog,2
IT,Rain,6015.885,105,JP,Thunder & Lightning,2
AU,Clear,5551.531,0,CN,Damaging Wind,2
AT,Clear,9917.645,0,AU,Clear,2
DE,Clear,9917.189,270,AU,Cloudy,2
IT,Rain,5095.396,135,US,Sunny,2
JP,Rain,5768.551,0,DE,Rain,2
JP,Thunder & Lightning,4167.666,0,IN,Hail,2
EC,Rain,6679.47,0,FI,Cloudy,2
IT,Cloudy,4385.729,0,US,Sunny,2
JP,Clear,5487.581,0,US,Damaging Wind,2
CN,Heavy Fog,521.697,0,KR,Clear,2
AR,Damaging Wind,2708.549,105,EC,Damaging Wind,2
DE,Heavy Fog,5754.797,120,JP,Sunny,2
IT,Sunny,5528.973,0,KR,Thunder & Lightning,2
CA,Rain,1212.251,0,US,Clear,2
CA,Thunder & Lightning,4628.523,0,IT,Heavy Fog,2
JP,Sunny,4803.504,0,US,Hail,2
AT,Cloudy,4518.681,0,US,Sunny,2
RU,Hail,4542.235,0,US,Cloudy,2
IT,Rain,6734.974,0,PE,Sunny,2
US,Clear,7549.837,0,CN,Thunder & Lightning,2
AU,Clear,6862.22,255,ZA,Clear,2
IN,Clear,3221.64,360,KR,Clear,2
CH,Clear,2965.981,0,AE,Clear,2
IT,Hail,6098.04,165,JP,Cloudy,2
EC,Clear,9206.109,0,JP,Damaging Wind,2
IT,Rain,6127.634,0,JP,Thunder & Lightning,2
KR,Sunny,6955.831,225,US,Heavy Fog,2
US,Thunder & Lightning,2332.085,0,US,Sunny,2
CA,Sunny,6578.097,0,CN,Clear,2
IT,Sunny,4373.825,0,US,Thunder & Lightning,2
JP,Sunny,6182.591,0,US,Heavy Fog,2
TR,Cloudy,8684.304,0,AU,Clear,2
IT,Rain,5482.399,0,ZA,Rain,2
GB,Clear,0,0,GB,Damaging Wind,2
US,Cloudy,9766.058,0,AU,Damaging Wind,2
IT,Rain,5591.08,0,CO,Hail,2
CH,Cloudy,642.141,0,PL,Sunny,2
US,Heavy Fog,6551.986,0,JP,Rain,2
US,Thunder & Lightning,4743.656,0,IT,Hail,2
IN,Heavy Fog,3976.827,315,JP,Clear,2
IT,Rain,4048.632,0,IN,Sunny,2
AU,Rain,4674.403,0,CN,Cloudy,2
AR,Cloudy,6882.016,0,FR,Rain,2
EC,Cloudy,9629.035,0,KR,Rain,2
IT,Cloudy,4385.729,0,US,Heavy Fog,2
FI,Thunder & Lightning,6247.802,330,CO,Clear,2
IT,Rain,637.671,0,ES,Thunder & Lightning,2
IT,Rain,10142.136,180,AU,Sunny,2
RU,Cloudy,3661.243,345,FI,Rain,2
PR,Cloudy,8537.088,0,JP,Cloudy,2
DE,Clear,413.481,240,NL,Cloudy,2
AT,Thunder & Lightning,4498.903,0,RU,Hail,2
CA,Hail,3269.125,0,GB,Rain,2
IT,Thunder & Lightning,4277.053,75,US,Clear,2
AU,Thunder & Lightning,4845.687,315,JP,Cloudy,2
US,Rain,2313.44,0,PR,Sunny,2
MX,Clear,7293.914,0,JP,Clear,2
RU,Sunny,4170.007,0,US,Hail,2
IT,Sunny,5558.347,0,CN,Rain,2
IT,Heavy Fog,5967.115,60,US,Sunny,2
US,Thunder & Lightning,6905.66,90,KR,Clear,2
ZA,Sunny,5729.921,0,DE,Clear,2
PL,Clear,716.841,0,RU,Rain,2
PL,Sunny,5930.569,0,ZA,Thunder & Lightning,2
CN,Cloudy,5743.838,0,GB,Damaging Wind,2
CH,Clear,6081.367,0,EC,Cloudy,2
AR,Sunny,7080.03,0,IT,Sunny,2
AT,Hail,0,75,AT,Sunny,2
NO,Sunny,7633.634,0,AR,Cloudy,2
CN,Clear,1142.163,0,JP,Heavy Fog,2
US,Clear,5590.558,135,JP,Rain,2
ZA,Clear,4784.8,0,IT,Cloudy,2
US,Hail,1656.563,0,US,Cloudy,2
CA,Thunder & Lightning,3242.299,0,GB,Sunny,2
IT,Clear,2980.068,0,AE,Sunny,2
NO,Thunder & Lightning,0,0,NO,Cloudy,2
AU,Clear,5577.549,0,IN,Clear,2
NO,Clear,4680.693,0,PR,Hail,2
RU,Rain,6290.969,0,ZA,Heavy Fog,2
IT,Cloudy,5086.455,0,US,Rain,2
CA,Clear,10510.232,0,AU,Clear,2
IT,Cloudy,65.754,0,IT,Clear,2
IT,Clear,5969.082,0,JP,Heavy Fog,2
DE,Sunny,6232.791,0,EC,Rain,2
CH,Hail,5971.561,0,JP,Sunny,2
JP,Rain,6728.125,0,US,Clear,2
AU,Sunny,7325.632,0,AR,Clear,2
IT,Heavy Fog,158.419,0,IT,Rain,2
US,Sunny,4251.817,0,IT,Damaging Wind,2
US,Damaging Wind,5433.101,0,IT,Hail,2
CA,Cloudy,6568.548,0,KR,Clear,2
IT,Sunny,4812.89,0,RU,Sunny,2
CH,Hail,1675.632,0,RU,Sunny,2
RU,Rain,5131.211,0,US,Sunny,2
DE,Cloudy,1159.386,0,TR,Damaging Wind,2
JP,Clear,5957.225,0,IT,Thunder & Lightning,2
CH,Heavy Fog,0,0,CH,Heavy Fog,2
ZA,Clear,4967.57,0,IN,Hail,2
CA,Cloudy,7579.114,0,IN,Cloudy,2
IE,Rain,1365.024,195,IT,Damaging Wind,2
IT,Damaging Wind,4845.156,0,US,Hail,2
US,Heavy Fog,9958.469,0,ZA,Cloudy,2
US,Rain,3433.957,0,GB,Sunny,2
RU,Cloudy,3928.774,0,KR,Cloudy,2
CN,Rain,5673.1,0,IT,Cloudy,2
IN,Cloudy,8879.061,0,US,Damaging Wind,2
IT,Rain,229.89,0,IT,Rain,2
CN,Thunder & Lightning,7194.154,0,US,Hail,2
CA,Sunny,8128.528,0,ZA,Cloudy,2
CN,Cloudy,5147.345,0,AU,Sunny,2
DE,Damaging Wind,306.443,15,IT,Clear,2
IT,Clear,689.404,270,DK,Heavy Fog,2
GB,Rain,10108.916,0,AU,Cloudy,2
RU,Sunny,5831.46,0,US,Damaging Wind,2
JP,Sunny,8944.908,225,EC,Cloudy,2
CH,Clear,642.141,0,PL,Rain,2
JP,Rain,4957.062,0,AE,Hail,2
IT,Damaging Wind,346.581,0,DE,Rain,2
KR,Thunder & Lightning,4537.917,0,AU,Thunder & Lightning,2
IT,Hail,1738.984,0,RU,Sunny,2
RU,Cloudy,5310.324,0,US,Sunny,2
JP,Sunny,7265.354,0,US,Sunny,2
RU,Sunny,851.201,0,JP,Hail,2
GB,Clear,4512.708,0,US,Cloudy,2
US,Clear,4922.25,0,SE,Thunder & Lightning,2
PL,Rain,5358.819,0,JP,Thunder & Lightning,2
MX,Clear,6294.432,0,IT,Clear,2
IT,Cloudy,6121.887,330,JP,Sunny,2
RU,Sunny,1418.743,180,IT,Hail,2
US,Clear,9016.425,0,IN,Rain,2
US,Clear,10036.676,0,AU,Damaging Wind,2
AT,Rain,4498.903,0,RU,Cloudy,2
US,Clear,5108.679,0,DE,Sunny,2
US,Heavy Fog,3921.341,0,NL,Hail,2
US,Clear,8980.989,0,IN,Cloudy,2
CL,Cloudy,11819.665,0,CN,Hail,2
CH,Cloudy,10143.016,90,AU,Rain,2
SE,Clear,6011.384,240,CO,Sunny,2
JP,Rain,5977.658,0,CA,Clear,2
US,Cloudy,4646.435,0,IT,Sunny,2
IT,Heavy Fog,9966.115,0,AU,Cloudy,2
AU,Damaging Wind,9929.749,0,US,Sunny,2
AT,Rain,2625.964,0,AE,Rain,2
CH,Sunny,5971.561,0,JP,Sunny,2
CN,Rain,4991.473,360,IT,Clear,2
US,Cloudy,7792.801,0,AE,Hail,2
US,Rain,6347.598,0,CN,Clear,2
IT,Rain,4225.733,0,CA,Clear,2
US,Sunny,4112.726,0,NO,Rain,2
US,Sunny,7855.505,0,CN,Sunny,2
DK,Sunny,1142.788,120,IT,Rain,2
IT,Thunder & Lightning,123.965,0,IT,Damaging Wind,2
NO,Rain,4035.624,0,CA,Cloudy,2
CN,Cloudy,7104.568,0,US,Sunny,2
IN,Heavy Fog,4403.88,0,IE,Clear,2
IT,Cloudy,158.61,0,IT,Cloudy,2
US,Damaging Wind,9626.759,345,ZA,Heavy Fog,2
US,Rain,7570.247,270,KR,Clear,2
ZA,Cloudy,4279.357,240,IN,Sunny,2
IT,Damaging Wind,7442.844,0,CL,Cloudy,2
IT,Damaging Wind,2820.813,90,AE,Clear,2
IT,Heavy Fog,4891.315,0,CA,Hail,2
CA,Clear,4132.143,0,FR,Hail,2
IT,Rain,10365.268,0,AU,Clear,2
AR,Rain,2902.347,0,CO,Rain,2
RU,Damaging Wind,1735.68,135,IT,Cloudy,2
US,Sunny,7196.167,0,CN,Hail,2
CA,Cloudy,6612.344,0,KR,Clear,2
CA,Rain,4532.472,0,IT,Thunder & Lightning,2
RU,Clear,4760.964,0,IT,Damaging Wind,2
EC,Rain,3016.07,0,CA,Cloudy,2
US,Rain,5835.3,0,AR,Heavy Fog,2
US,Damaging Wind,4962.069,0,IT,Thunder & Lightning,2
GB,Damaging Wind,5524.384,165,KR,Rain,2
IT,Hail,6111.408,0,EC,Cloudy,2
NO,Damaging Wind,4781.027,0,KR,Rain,2
RU,Rain,1461.431,90,IT,Cloudy,2
SE,Clear,0,0,SE,Sunny,2
CA,Damaging Wind,10297.261,210,AU,Cloudy,2
US,Damaging Wind,3073.784,270,EC,Clear,2
JP,Sunny,6203.584,0,IT,Rain,2
NO,Rain,3194.016,0,AE,Clear,2
US,Heavy Fog,8077.943,0,IN,Thunder & Lightning,2
US,Clear,5993.979,0,KR,Sunny,2
PL,Cloudy,601.228,195,IT,Clear,2
RU,Clear,1217.73,0,JP,Sunny,2
CN,Sunny,6934.561,0,US,Rain,2
RU,Thunder & Lightning,4562.757,0,JP,Cloudy,2
IT,Rain,2829.378,0,AE,Heavy Fog,2
IT,Rain,1836.761,0,RU,Rain,2
CA,Cloudy,2379.323,135,US,Hail,2
IT,Heavy Fog,5159.433,0,US,Cloudy,2
DE,Heavy Fog,5510.893,0,KR,Hail,2
PL,Damaging Wind,8057.643,0,CL,Clear,2
CH,Clear,5126.454,0,US,Hail,2
GB,Clear,1564.948,0,TR,Hail,2
US,Heavy Fog,1678.921,0,US,Hail,2
RU,Rain,6020.124,60,AU,Cloudy,2
IT,Thunder & Lightning,12.491,0,IT,Clear,2
IT,Hail,4822.817,45,US,Rain,2
AR,Cloudy,8053.548,0,FI,Rain,2
US,Damaging Wind,1363.902,30,US,Thunder & Lightning,2
US,Clear,6280.049,0,JP,Heavy Fog,2
DE,Clear,3672.438,0,IN,Sunny,2
PL,Thunder & Lightning,774.418,225,IT,Clear,2
US,Rain,8049.905,0,ZA,Hail,2
IT,Rain,4245.355,0,US,Clear,2
GB,Sunny,914.647,15,IT,Cloudy,2
US,Clear,7998.281,0,IN,Rain,2
US,Cloudy,4980.488,0,IT,Heavy Fog,2
IT,Cloudy,329.412,285,DE,Sunny,2
RU,Rain,1287.828,0,DE,Clear,2
FI,Heavy Fog,4045.275,225,CN,Hail,2
JP,Cloudy,4739.985,0,AE,Sunny,2
AU,Thunder & Lightning,10498.26,0,GB,Heavy Fog,2
US,Heavy Fog,4281.152,240,DK,Cloudy,2
IN,Clear,3772.253,0,JP,Clear,2
RU,Cloudy,1547.473,0,GB,Rain,2
IT,Cloudy,0,0,IT,Rain,2
IT,Cloudy,0,0,IT,Sunny,2
CO,Clear,5588.161,0,DE,Cloudy,2
IT,Cloudy,3666.506,0,IN,Rain,2
CN,Cloudy,4908.403,0,TR,Sunny,2
IN,Heavy Fog,784.567,0,IN,Hail,2
US,Sunny,5195.957,0,NO,Hail,2
IT,Cloudy,1013.866,0,GB,Hail,2
RU,Damaging Wind,4272.817,0,IN,Hail,2
DE,Clear,6126.999,0,MX,Rain,2
CN,Cloudy,1374.354,0,JP,Heavy Fog,2
AU,Rain,9919.332,0,IT,Clear,2
JP,Sunny,9296.058,0,PE,Clear,2
US,Sunny,10632.958,0,ZA,Clear,2
DE,Sunny,453.093,120,IT,Thunder & Lightning,2
CH,Cloudy,5159.189,0,US,Thunder & Lightning,2
CN,Rain,5067.725,0,IT,Rain,1
GB,Clear,10104.699,0,AU,Heavy Fog,1
ES,Cloudy,3215.745,0,AE,Cloudy,1
PL,Clear,8057.643,330,CL,Clear,1
IT,Clear,6111.408,0,EC,Clear,1
CH,Cloudy,181.379,0,IT,Heavy Fog,1
US,Heavy Fog,5082.861,285,AR,Clear,1
IT,Cloudy,4824.937,255,US,Rain,1
CH,Heavy Fog,0,0,CH,Thunder & Lightning,1
JP,Sunny,6320.45,345,US,Thunder & Lightning,1
IN,Thunder & Lightning,4176.499,0,IT,Cloudy,1
AR,Thunder & Lightning,5663.587,0,US,Cloudy,1
IT,Thunder & Lightning,5563.599,0,KR,Cloudy,1
CA,Sunny,1934.24,210,PR,Sunny,1
GB,Rain,301.785,0,IE,Clear,1
CA,Rain,1231.021,0,US,Clear,1
JP,Damaging Wind,8944.908,0,EC,Clear,1
IT,Heavy Fog,130.264,15,IT,Damaging Wind,1
CN,Sunny,7178.321,0,US,Sunny,1
ZA,Heavy Fog,8038.168,0,CA,Clear,1
PE,Damaging Wind,9219.118,0,AE,Rain,1
AU,Heavy Fog,10132.461,0,DE,Clear,1
AR,Cloudy,5078.442,240,ZA,Clear,1
FR,Hail,3264.532,0,US,Sunny,1
AU,Hail,8249.754,0,CA,Sunny,1
IN,Sunny,8628.325,0,US,Sunny,1
RU,Cloudy,8027.967,0,ZA,Clear,1
US,Clear,6406.18,0,IT,Sunny,1
IT,Clear,699.119,0,DK,Damaging Wind,1
IN,Hail,8303.296,0,US,Damaging Wind,1
JP,Cloudy,6129.494,0,IT,Sunny,1
CN,Clear,5446.046,0,DE,Clear,1
NO,Clear,5721.997,0,MX,Rain,1
US,Cloudy,2016.023,0,US,Rain,1
PL,Rain,4159.881,0,RU,Rain,1
CA,Damaging Wind,9428.703,0,ZA,Sunny,1
US,Hail,4076.972,0,ES,Clear,1
RU,Sunny,5997.811,0,US,Damaging Wind,1
JP,Sunny,6328.574,0,US,Clear,1
CH,Clear,5593.006,0,JP,Thunder & Lightning,1
IT,Damaging Wind,6035.764,150,JP,Sunny,1
PL,Sunny,655.096,0,IT,Hail,1
CN,Thunder & Lightning,5654.9,0,IT,Hail,1
PL,Heavy Fog,5358.819,0,JP,Cloudy,1
CA,Thunder & Lightning,621.392,15,US,Cloudy,1
ZA,Cloudy,7025.859,0,PR,Sunny,1
EC,Sunny,5813.789,300,FR,Hail,1
CA,Cloudy,4620.663,0,AT,Sunny,1
US,Cloudy,186.147,0,US,Clear,1
PE,Rain,6659.931,0,DE,Cloudy,1
AU,Cloudy,10096.608,0,CA,Clear,1
IN,Rain,3682.441,225,IT,Clear,1
IT,Cloudy,5374.199,210,CA,Rain,1
IT,Clear,4891.315,0,CA,Clear,1
GB,Rain,5855.7,0,JP,Sunny,1
CA,Damaging Wind,5566.55,0,JP,Thunder & Lightning,1
RU,Rain,1979.732,0,IT,Rain,1
IT,Thunder & Lightning,734.733,0,ES,Clear,1
DE,Sunny,4482.959,0,US,Rain,1
AU,Damaging Wind,8894.955,0,US,Thunder & Lightning,1
JP,Hail,8593.894,75,EC,Thunder & Lightning,1
CH,Sunny,226.306,300,IT,Hail,1
US,Rain,2089.337,0,CA,Rain,1
US,Cloudy,2538.74,0,CA,Clear,1
US,Cloudy,2097.744,0,CO,Clear,1
IT,Sunny,5406.147,0,KR,Hail,1
IT,Clear,4764.229,0,RU,Heavy Fog,1
US,Hail,10444.39,0,AU,Cloudy,1
RU,Cloudy,5282.773,45,PR,Damaging Wind,1
PL,Sunny,655.096,0,IT,Cloudy,1
PR,Rain,7253.804,0,ZA,Damaging Wind,1
NO,Clear,4053.264,165,US,Cloudy,1
RU,Hail,4922.812,240,IT,Cloudy,1
IE,Heavy Fog,0,0,IE,Cloudy,1
IT,Sunny,1004.999,45,SE,Sunny,1
IT,Cloudy,304.07,0,IT,Clear,1
US,Sunny,5032.32,0,DE,Cloudy,1
NO,Sunny,5198.61,360,JP,Clear,1
IT,Rain,4645.714,0,US,Hail,1
PL,Hail,774.418,0,IT,Clear,1
CA,Clear,0,0,CA,Cloudy,1
AR,Clear,8431.697,0,AE,Cloudy,1
IT,Damaging Wind,0,0,IT,Cloudy,1
IT,Rain,1046.434,0,NO,Sunny,1
US,Sunny,4322.86,0,DE,Sunny,1
US,Cloudy,4625.192,0,IT,Clear,1
ZA,Clear,9570.731,0,US,Heavy Fog,1
RU,Damaging Wind,1512.722,0,DE,Clear,1
SE,Thunder & Lightning,0,0,SE,Cloudy,1
ZA,Rain,5380.056,0,DE,Clear,1
RU,Rain,6020.124,0,AU,Rain,1
RU,Hail,0,315,RU,Sunny,1
US,Damaging Wind,6804.449,0,JP,Rain,1
IT,Sunny,1769.205,0,RU,Clear,1
IT,Damaging Wind,4368.86,0,US,Sunny,1
IT,Cloudy,629.218,0,TR,Hail,1
US,Cloudy,335.274,0,US,Damaging Wind,1
JP,Clear,6169.52,0,IT,Rain,1
AT,Cloudy,1035.638,225,RU,Cloudy,1
CN,Sunny,3662.088,0,AE,Sunny,1
IT,Damaging Wind,295.962,0,IT,Hail,1
IT,Clear,2585.514,0,AE,Damaging Wind,1
IT,Damaging Wind,802.237,90,FR,Clear,1
IN,Clear,2370.712,0,CN,Thunder & Lightning,1
US,Hail,9264.613,0,AU,Clear,1
CH,Sunny,181.379,0,IT,Hail,1
CL,Clear,9997.909,240,IN,Rain,1
AU,Rain,9954.517,0,CA,Sunny,1
RU,Clear,8467.066,75,AR,Damaging Wind,1
IT,Hail,295.962,0,IT,Rain,1
US,Damaging Wind,4595.127,0,AR,Cloudy,1
CH,Heavy Fog,4417.537,0,IN,Sunny,1
GB,Rain,410.205,105,DE,Damaging Wind,1
AT,Rain,3705.593,270,IN,Cloudy,1
KR,Rain,1335.779,0,CN,Hail,1
US,Sunny,5393.256,105,IT,Sunny,1
AT,Heavy Fog,6176.762,0,US,Rain,1
GB,Rain,590.915,0,IT,Sunny,1
RU,Clear,6020.124,0,AU,Damaging Wind,1
CN,Sunny,7607.822,0,US,Cloudy,1
EC,Rain,6257.449,0,IT,Heavy Fog,1
DK,Cloudy,5239.967,0,US,Clear,1
CA,Damaging Wind,4626.996,90,IT,Thunder & Lightning,1
US,Rain,3154.267,0,EC,Rain,1
AT,Rain,4960.872,270,US,Cloudy,1
ZA,Rain,7590.441,0,KR,Clear,1
PL,Sunny,5407.855,0,ZA,Hail,1
IT,Cloudy,5438.724,270,US,Sunny,1
CA,Clear,6295.252,0,AR,Cloudy,1
US,Sunny,1076.069,0,US,Damaging Wind,1
US,Rain,6213.906,0,AR,Heavy Fog,1
CA,Damaging Wind,1051.997,0,CA,Rain,1
IT,Cloudy,369.025,240,DE,Damaging Wind,1
IT,Sunny,6365.376,0,EC,Sunny,1
CN,Rain,6800.523,0,US,Clear,1
JP,Rain,3416.335,60,IN,Cloudy,1
GB,Cloudy,1157.844,0,FI,Rain,1
PL,Sunny,341.507,0,AT,Thunder & Lightning,1
US,Cloudy,629.315,0,US,Cloudy,1
AR,Cloudy,4584.267,75,MX,Cloudy,1
SE,Heavy Fog,5310.91,0,US,Sunny,1
DE,Sunny,4810.309,0,CN,Rain,1
AU,Damaging Wind,8470.328,0,EC,Cloudy,1
CN,Clear,6410.162,0,CA,Cloudy,1
IT,Rain,10365.268,225,AU,Hail,1
JP,Rain,5458.136,0,DE,Clear,1
IT,Sunny,455.296,0,ES,Sunny,1
CA,Hail,1531.384,0,US,Cloudy,1
CH,Cloudy,642.141,0,PL,Clear,1
CA,Sunny,3622.539,0,EC,Heavy Fog,1
NO,Sunny,3427.872,0,CA,Sunny,1
DE,Sunny,6232.791,330,EC,Hail,1
TR,Sunny,1877.42,0,AE,Sunny,1
IT,Sunny,1888.939,0,RU,Sunny,1
RU,Cloudy,8467.066,0,AR,Clear,1
US,Cloudy,8329.792,255,AU,Sunny,1
IT,Damaging Wind,5903.821,0,JP,Cloudy,1
IT,Rain,4449.457,0,US,Heavy Fog,1
JP,Damaging Wind,8944.908,285,EC,Rain,1
US,Clear,4687.377,225,NO,Thunder & Lightning,1
IT,Clear,1027.963,0,SE,Clear,1
KR,Rain,6429.691,285,ES,Sunny,1
US,Hail,8166.816,0,AE,Clear,1
PR,Clear,8510.035,60,JP,Cloudy,1
JP,Rain,6053.545,165,IT,Rain,1
IT,Rain,4904.647,270,US,Clear,1
CN,Cloudy,7678.89,0,US,Sunny,1
IT,Cloudy,6050.066,0,MX,Clear,1
IT,Rain,959.662,0,TR,Clear,1
RU,Rain,8376.918,90,AR,Cloudy,1
AU,Damaging Wind,9963.645,255,DK,Thunder & Lightning,1
CN,Rain,7733.952,0,US,Cloudy,1
GB,Damaging Wind,216.021,0,FR,Sunny,1
AR,Clear,8053.548,0,FI,Thunder & Lightning,1
PL,Sunny,7660.524,0,AR,Clear,1
JP,Heavy Fog,1302.813,150,CN,Rain,1
EC,Clear,2340.326,30,CL,Clear,1
RU,Cloudy,6020.124,60,AU,Thunder & Lightning,1
IN,Sunny,3614.98,0,IT,Thunder & Lightning,1
JP,Cloudy,6040.622,0,IT,Damaging Wind,1
AE,Heavy Fog,27.639,0,AE,Rain,1
JP,Cloudy,5571.181,180,GB,Cloudy,1
RU,Cloudy,1563.71,0,GB,Cloudy,1
AR,Cloudy,2708.549,0,EC,Rain,1
CA,Sunny,3682.947,30,ES,Rain,1
RU,Sunny,3143.692,315,RU,Clear,1
DE,Cloudy,1083.195,0,TR,Cloudy,1
JP,Sunny,5313.608,360,TR,Cloudy,1
CN,Rain,5476.677,165,AU,Rain,1
CH,Cloudy,3736.238,60,CA,Rain,1
JP,Hail,4668.005,0,RU,Heavy Fog,1
PE,Heavy Fog,9219.118,0,AE,Sunny,1
IT,Heavy Fog,6121.887,0,JP,Thunder & Lightning,1
US,Heavy Fog,5477.987,0,IT,Heavy Fog,1
RU,Cloudy,1646.296,0,IT,Heavy Fog,1
GB,Sunny,1130.226,0,IT,Damaging Wind,1
DE,Cloudy,4441.052,150,IN,Sunny,1
IT,Rain,1489.755,0,RU,Hail,1
IT,Hail,0,0,IT,Heavy Fog,1
CH,Rain,4948.838,0,CN,Heavy Fog,1
CN,Sunny,5659.307,60,IT,Rain,1
US,Cloudy,3610.778,225,GB,Cloudy,1
IN,Heavy Fog,4508.724,0,ZA,Cloudy,1
RU,Sunny,4463.743,0,TR,Clear,1
PL,Hail,0,345,PL,Clear,1
JP,Damaging Wind,5087.945,0,SE,Cloudy,1
IT,Thunder & Lightning,10007.949,0,AU,Hail,1
CN,Clear,5715.34,0,GB,Damaging Wind,1
AR,Clear,5281.853,0,US,Cloudy,1
US,Thunder & Lightning,5218.203,0,JP,Sunny,1
CN,Cloudy,5067.725,0,IT,Hail,1
CN,Sunny,7793.675,0,US,Clear,1
AT,Clear,4642.728,0,CN,Clear,1
CH,Clear,0,0,CH,Clear,1
CA,Sunny,6612.27,225,JP,Rain,1
CA,Clear,4488.142,0,IT,Clear,1
DE,Clear,805.644,0,IT,Clear,1
DE,Rain,807.393,0,IT,Heavy Fog,1
CA,Cloudy,6360.802,0,CN,Cloudy,1
RU,Sunny,2214.206,0,IT,Clear,1
SE,Clear,911.11,0,GB,Thunder & Lightning,1
AT,Rain,1060.822,0,IE,Clear,1
PL,Damaging Wind,4159.881,30,RU,Rain,1
NO,Clear,1501.703,0,ES,Damaging Wind,1
IT,Damaging Wind,2700.027,0,AE,Heavy Fog,1
ZA,Clear,5168.502,0,IT,Hail,1
IT,Damaging Wind,4357.607,75,US,Hail,1
IT,Hail,71.533,0,IT,Hail,1
GB,Heavy Fog,626.16,0,IT,Clear,1
US,Heavy Fog,2200.484,75,CA,Sunny,1
AE,Clear,2971.715,0,CN,Sunny,1
GB,Cloudy,151.082,0,GB,Sunny,1
CA,Cloudy,1675.155,0,CA,Cloudy,1
SE,Cloudy,5038.62,0,JP,Rain,1
JP,Rain,6050.342,15,IT,Heavy Fog,1
US,Clear,5553.343,0,IT,Heavy Fog,1
ZA,Heavy Fog,6330.996,0,CN,Rain,1
GB,Thunder & Lightning,1157.844,0,FI,Cloudy,1
DE,Damaging Wind,4583.439,180,CN,Hail,1
JP,Hail,77.87,0,JP,Sunny,1
US,Clear,4687.377,0,NO,Rain,1
JP,Cloudy,6055.838,0,US,Heavy Fog,1
CN,Rain,5446.046,0,DE,Thunder & Lightning,1
CN,Clear,7492.081,0,ZA,Heavy Fog,1
IT,Sunny,5569.672,360,US,Thunder & Lightning,1
CO,Rain,5837.862,165,IT,Sunny,1
US,Thunder & Lightning,6753.34,0,CN,Sunny,1
GB,Cloudy,3527.052,0,US,Rain,1
IT,Thunder & Lightning,4354.964,0,US,Clear,1
US,Clear,6527.577,0,TR,Heavy Fog,1
CA,Cloudy,9596.831,150,AU,Thunder & Lightning,1
RU,Cloudy,2713.495,135,IN,Cloudy,1
CA,Damaging Wind,750.656,0,US,Heavy Fog,1
IT,Sunny,0,135,IT,Cloudy,1
AR,Clear,5357.183,0,US,Rain,1
GB,Thunder & Lightning,0,0,GB,Damaging Wind,1
ZA,Cloudy,7247.973,0,EC,Sunny,1
PE,Cloudy,3607.701,135,US,Hail,1
PR,Sunny,4980.852,0,IT,Hail,1
CN,Rain,0,0,CN,Rain,1
RU,Damaging Wind,1614.19,0,GB,Cloudy,1
FI,Clear,6502.922,45,ZA,Clear,1
US,Rain,7278.616,0,JP,Cloudy,1
CN,Cloudy,5688.077,0,IT,Clear,1
GB,Sunny,3548.466,0,CA,Sunny,1
US,Cloudy,154.213,0,CA,Clear,1
JP,Cloudy,10950.586,105,CL,Sunny,1
JP,Heavy Fog,5996.197,0,IT,Hail,1
IT,Sunny,7079.1,0,AR,Clear,1
EC,Rain,6679.47,0,FI,Sunny,1
CA,Rain,4585.376,45,IT,Clear,1
CA,Rain,6913.351,0,AE,Clear,1
IT,Hail,5748.037,0,JP,Rain,1
CH,Cloudy,181.379,0,IT,Cloudy,1
RU,Sunny,1425.564,195,CN,Rain,1
MX,Damaging Wind,8668.65,240,CN,Rain,1
IT,Cloudy,5462.479,360,US,Thunder & Lightning,1
IT,Heavy Fog,1006.798,75,NO,Sunny,1
IT,Sunny,6189.716,0,EC,Damaging Wind,1
JP,Cloudy,9889.15,0,PE,Hail,1
US,Cloudy,2045.564,30,US,Clear,1
CN,Cloudy,5013.218,0,NO,Cloudy,1
US,Clear,5665.792,0,RU,Cloudy,1
CN,Cloudy,1356.036,0,JP,Clear,1
RU,Cloudy,11249.51,0,AR,Hail,1
AU,Thunder & Lightning,9685.713,150,SE,Rain,1
CH,Cloudy,4470.44,0,US,Clear,1
JP,Cloudy,1546.796,150,CN,Sunny,1
PE,Clear,6609.49,0,DE,Hail,1
PL,Clear,4159.881,0,RU,Clear,1
AT,Heavy Fog,5297.196,0,US,Cloudy,1
IE,Clear,3708.47,270,US,Clear,1
IN,Heavy Fog,4427.687,0,IT,Sunny,1
GB,Sunny,3973.659,0,US,Heavy Fog,1
IN,Clear,4275.843,15,IT,Sunny,1
JP,Clear,8877.166,0,ZA,Hail,1
CA,Rain,3863.101,0,NO,Clear,1
NO,Sunny,1501.703,345,ES,Thunder & Lightning,1
CA,Rain,4969.644,0,RU,Cloudy,1
PR,Cloudy,4194.159,0,GB,Clear,1
CN,Rain,7261.391,0,US,Rain,1
CH,Cloudy,536.04,0,IT,Clear,1
IT,Damaging Wind,461.652,225,ES,Clear,1
KR,Clear,5545.77,0,DE,Thunder & Lightning,1
AT,Hail,9917.645,300,AU,Clear,1
AT,Sunny,0,0,AT,Sunny,1
IT,Cloudy,5584.329,0,KR,Clear,1
IT,Hail,5438.724,0,US,Clear,1
PE,Sunny,1524.206,0,CL,Cloudy,1
CH,Sunny,4783.295,0,US,Clear,1
US,Cloudy,813.488,150,US,Rain,1
DE,Heavy Fog,939.218,0,ES,Cloudy,1
DE,Rain,769.532,75,IT,Thunder & Lightning,1
NO,Damaging Wind,1450.061,0,IT,Sunny,1
CN,Cloudy,7242.595,0,US,Cloudy,1
EC,Rain,6616.465,0,ZA,Cloudy,1
CH,Rain,5446.383,0,KR,Rain,1
CN,Clear,5831.904,0,IE,Cloudy,1
EC,Sunny,2903.883,135,US,Rain,1
JP,Hail,5816.934,300,IT,Clear,1
US,Damaging Wind,5716.007,255,RU,Hail,1
US,Heavy Fog,7912.545,0,CN,Sunny,1
NO,Cloudy,3901.107,0,US,Clear,1
IT,Clear,5202.453,0,US,Clear,1
CN,Sunny,0,0,CN,Cloudy,1
ZA,Heavy Fog,9004.532,0,US,Cloudy,1
CN,Rain,9730.829,180,CO,Clear,1
CN,Hail,667.912,0,CN,Sunny,1
IT,Rain,714.274,0,GB,Sunny,1
AT,Rain,1506.588,0,RU,Rain,1
US,Heavy Fog,8133.99,0,ZA,Thunder & Lightning,1
GB,Rain,857.214,0,ES,Sunny,1
SE,Cloudy,0,0,SE,Rain,0
IT,Thunder & Lightning,883.109,0,GB,Sunny,0
GB,Cloudy,5264.966,120,CO,Heavy Fog,0
RU,Hail,5741.739,45,US,Cloudy,0
US,Hail,4454.399,75,ES,Rain,0
RU,Cloudy,0,210,RU,Clear,0
DE,Heavy Fog,730.473,0,IT,Heavy Fog,0
CN,Rain,4993.441,0,IT,Cloudy,0
IT,Thunder & Lightning,5675.183,120,KR,Clear,0
IT,Cloudy,3808.77,210,IN,Cloudy,0
PE,Rain,6085.199,195,ZA,Heavy Fog,0
CA,Rain,4527.391,0,PL,Sunny,0
IT,Sunny,0,210,IT,Clear,0
AU,Sunny,10136.814,0,IT,Heavy Fog,0
CN,Rain,0,0,CN,Heavy Fog,0
CN,Cloudy,7318.574,0,US,Thunder & Lightning,0
CA,Cloudy,5372.94,45,TR,Cloudy,0
US,Cloudy,495.981,0,CA,Sunny,0
US,Clear,678.934,0,US,Rain,0
IT,Cloudy,4430.198,0,US,Rain,0
CH,Cloudy,4763.092,0,RU,Heavy Fog,0
AR,Clear,0,0,AR,Clear,0
AT,Damaging Wind,1060.822,210,IE,Thunder & Lightning,0
GB,Clear,796.93,0,IT,Clear,0
JP,Sunny,5829.307,0,DE,Thunder & Lightning,0
MX,Cloudy,1330.371,0,US,Cloudy,0
IT,Rain,415.627,0,DE,Clear,0
IT,Damaging Wind,3961.838,0,CA,Sunny,0
US,Clear,4322.466,150,IT,Clear,0
JP,Damaging Wind,4429.429,0,AU,Rain,0
PL,Cloudy,4306.87,330,CN,Thunder & Lightning,0
IN,Sunny,4513.709,0,IT,Clear,0
US,Clear,2960.682,0,EC,Sunny,0
MX,Rain,6378.212,0,IT,Clear,0
AT,Clear,4956.768,0,US,Rain,0
CA,Rain,8128.528,0,ZA,Clear,0
GB,Sunny,914.647,0,IT,Clear,0
AR,Rain,3695.422,330,PR,Sunny,0
IT,Rain,295.962,0,IT,Clear,0
SE,Rain,4719.505,0,US,Clear,0
IN,Hail,3888.394,0,IT,Sunny,0
IT,Sunny,559.437,105,GB,Sunny,0
AT,Hail,7346.434,0,AR,Thunder & Lightning,0
CN,Rain,5703.23,0,GB,Clear,0
ZA,Rain,4318.547,30,IN,Rain,0
PR,Thunder & Lightning,8537.088,0,JP,Clear,0
CH,Cloudy,924.827,0,SE,Cloudy,0
IT,Heavy Fog,3906.572,360,CA,Damaging Wind,0
CN,Heavy Fog,1903.386,0,IN,Rain,0
AU,Hail,8907.918,0,CO,Hail,0
IT,Cloudy,257.287,0,IT,Sunny,0
IT,Clear,511.035,0,IT,Thunder & Lightning,0
CH,Sunny,275.969,0,IT,Rain,0
IT,Cloudy,0,270,IT,Cloudy,0
GB,Hail,1223.166,0,IT,Rain,0
RU,Hail,8467.066,45,AR,Clear,0
RU,Sunny,1201.103,240,JP,Cloudy,0
US,Cloudy,4481.004,0,RU,Heavy Fog,0
IT,Sunny,9960.712,0,AU,Hail,0
AT,Heavy Fog,5291.723,75,CN,Rain,0
AU,Sunny,10155.199,0,IT,Rain,0
KR,Hail,5565.957,315,FR,Damaging Wind,0
JP,Rain,4360.377,60,RU,Rain,0
US,Sunny,10036.676,0,AU,Hail,0
CO,Hail,5837.862,0,IT,Hail,0
AU,Sunny,8653.312,0,EC,Rain,0
US,Hail,4173.902,60,ES,Sunny,0
US,Cloudy,1190.794,0,US,Sunny,0
AU,Heavy Fog,10533.686,0,GB,Cloudy,0
US,Cloudy,4181.456,120,GB,Sunny,0
DE,Thunder & Lightning,569.21,0,GB,Clear,0
PL,Heavy Fog,5000.006,0,JP,Heavy Fog,0
CA,Thunder & Lightning,0,0,CA,Cloudy,0
US,Heavy Fog,4188.831,210,DE,Clear,0
CA,Thunder & Lightning,1683.107,0,US,Cloudy,0
US,Rain,6507.496,0,KR,Heavy Fog,0
EC,Heavy Fog,6616.465,0,ZA,Damaging Wind,0
CH,Rain,0,135,CH,Damaging Wind,0
JP,Rain,5834.707,0,DE,Sunny,0
US,Thunder & Lightning,6375.79,0,IT,Heavy Fog,0
IT,Cloudy,333.549,15,IT,Sunny,0
CH,Heavy Fog,642.141,0,PL,Sunny,0
IT,Rain,10207.122,0,AU,Hail,0
PL,Clear,762.943,0,IT,Cloudy,0
RU,Sunny,6736.87,0,ZA,Cloudy,0
CA,Clear,6683.829,300,AE,Rain,0
IT,Clear,5691.874,0,CO,Hail,0
US,Rain,7204.908,0,KR,Thunder & Lightning,0
CH,Rain,3819.376,150,CA,Rain,0
AR,Rain,11658.892,0,JP,Clear,0
CA,Clear,309.783,0,US,Rain,0
AU,Damaging Wind,0,255,AU,Rain,0
PL,Hail,0,0,PL,Rain,0
MX,Cloudy,2014.809,0,CA,Damaging Wind,0
FI,Sunny,6502.922,0,ZA,Rain,0
RU,Thunder & Lightning,4961.752,225,IT,Rain,0
IT,Sunny,984.577,0,IE,Thunder & Lightning,0
CH,Sunny,4948.838,0,CN,Clear,0
JP,Thunder & Lightning,1105.968,0,CN,Sunny,0
DE,Damaging Wind,5007.157,0,US,Clear,0
CN,Heavy Fog,10025.469,0,EC,Cloudy,0
IT,Heavy Fog,293.113,0,DE,Rain,0
JP,Sunny,6122.232,210,ES,Cloudy,0
DE,Clear,186.196,0,DE,Rain,0
US,Rain,2179.349,0,US,Heavy Fog,0
US,Damaging Wind,7076.534,0,CN,Cloudy,0
RU,Clear,4972.614,0,IT,Sunny,0
IT,Sunny,6925.555,0,AR,Rain,0
US,Sunny,1319.05,0,CA,Clear,0
PL,Sunny,584.344,0,FI,Clear,0
CH,Clear,5971.561,345,JP,Heavy Fog,0
NO,Sunny,0,90,NO,Clear,0
AU,Rain,10133.742,0,IT,Sunny,0
AU,Rain,6322.468,285,IN,Clear,0
PL,Cloudy,604.35,0,IT,Rain,0
US,Clear,4076.536,0,GB,Clear,0
JP,Cloudy,6120.828,270,IT,Sunny,0
IE,Sunny,10349.708,0,AU,Cloudy,0
US,Clear,5446.411,0,AR,Rain,0
US,Rain,8176.074,180,AU,Rain,0
CA,Rain,3919.745,0,GB,Heavy Fog,0
CH,Cloudy,4445.885,0,US,Clear,0
IT,Rain,657.908,0,IT,Cloudy,0
AU,Rain,10308.678,0,IT,Sunny,0
GB,Sunny,151.082,0,GB,Sunny,0
GB,Heavy Fog,216.021,0,FR,Rain,0
ZA,Cloudy,5956.686,0,FI,Sunny,0
AU,Thunder & Lightning,5164.131,75,KR,Clear,0
CA,Sunny,3809.37,0,IT,Hail,0
RU,Cloudy,4387.337,135,CA,Cloudy,0
JP,Hail,6211.856,0,IT,Cloudy,0
PE,Sunny,6213.641,0,ES,Hail,0
US,Sunny,4804.838,90,IT,Damaging Wind,0
AT,Clear,5694.907,240,JP,Damaging Wind,0
DE,Rain,288.599,0,DE,Clear,0
US,Rain,3880.708,0,GB,Rain,0
US,Thunder & Lightning,1753.249,0,PR,Cloudy,0
CN,Damaging Wind,746.898,0,CN,Rain,0
RU,Clear,5678.908,0,ZA,Hail,0
EC,Clear,2787.296,0,US,Sunny,0
CH,Heavy Fog,4157.288,0,US,Rain,0
EC,Cloudy,6089.322,0,DE,Rain,0
ES,Rain,0,0,ES,Clear,0
NO,Thunder & Lightning,1272.386,0,IT,Rain,0
IT,Cloudy,141.533,0,IT,Cloudy,0
CA,Clear,2798.243,0,CO,Cloudy,0
IN,Clear,5757.045,0,ZA,Sunny,0
MX,Heavy Fog,6362.054,0,IT,Cloudy,0
IT,Rain,4551.48,0,US,Rain,0
CA,Cloudy,9505.776,0,AU,Sunny,0
AT,Clear,268.006,120,IT,Cloudy,0
IT,Cloudy,5876.147,0,JP,Thunder & Lightning,0
AT,Rain,5270.464,0,CN,Damaging Wind,0
AR,Clear,7132.807,0,DE,Clear,0
US,Thunder & Lightning,1195.98,210,US,Heavy Fog,0
US,Thunder & Lightning,6707.483,0,KR,Cloudy,0
PL,Heavy Fog,3919.385,0,IN,Heavy Fog,0
US,Clear,4807.19,0,IT,Cloudy,0
CA,Rain,0,0,CA,Hail,0
US,Clear,4044.266,120,DE,Damaging Wind,0
AR,Sunny,5484.063,0,US,Heavy Fog,0
SE,Damaging Wind,7814.656,135,AR,Cloudy,0
PR,Rain,3729.305,0,US,Heavy Fog,0
JP,Cloudy,4668.005,0,RU,Heavy Fog,0
CN,Hail,5123.428,0,FR,Thunder & Lightning,0
JP,Sunny,7075.277,0,US,Thunder & Lightning,0
CH,Heavy Fog,0,0,CH,Cloudy,0
IT,Cloudy,0,0,IT,Sunny,0
CH,Clear,4763.092,0,RU,Rain,0
SE,Sunny,760.436,0,RU,Cloudy,0
IT,Cloudy,5918.745,0,JP,Clear,0
IT,Cloudy,6260.842,180,EC,Clear,0
IT,Heavy Fog,4798.343,0,US,Rain,0
IT,Cloudy,0,0,IT,Damaging Wind,0
US,Cloudy,1231.197,0,US,Clear,0
GB,Thunder & Lightning,5540.759,330,MX,Clear,0
IT,Clear,4610.069,0,IN,Rain,0
NO,Rain,724.928,195,GB,Hail,0
IT,Clear,5588.037,0,CN,Clear,0
RU,Rain,6129.63,0,US,Thunder & Lightning,0
RU,Sunny,5686.828,0,CA,Rain,0
IT,Cloudy,3956.662,0,IN,Hail,0
GB,Sunny,5892.621,0,CN,Clear,0
CN,Clear,5476.677,0,AU,Sunny,0
IT,Cloudy,5584.329,0,KR,Clear,0
RU,Cloudy,5298.935,0,US,Thunder & Lightning,0
JP,Sunny,4743.719,0,AE,Thunder & Lightning,0
CA,Damaging Wind,5000.715,150,IT,Clear,0
AT,Thunder & Lightning,899.161,0,GB,Sunny,0
PL,Cloudy,4962.136,0,CN,Heavy Fog,0
CH,Sunny,4133.839,0,US,Sunny,0
ZA,Clear,0,0,ZA,Clear,0
CH,Thunder & Lightning,4404.651,0,CA,Heavy Fog,0
AR,Hail,6904.745,0,US,Clear,0
CO,Sunny,2629.078,0,CL,Rain,0
CN,Rain,5694.405,0,IT,Cloudy,0
IT,Cloudy,530.155,0,DE,Damaging Wind,0
RU,Sunny,3422.573,0,IN,Damaging Wind,0
RU,Clear,6419.859,360,US,Sunny,0
CA,Clear,94.378,0,CA,Clear,0
SE,Damaging Wind,1148.595,0,IT,Rain,0
IT,Clear,9629.115,0,AU,Sunny,0
JP,Rain,488.646,0,JP,Cloudy,0
EC,Clear,6132.544,240,IT,Damaging Wind,0
IN,Clear,4746.125,0,ES,Heavy Fog,0
US,Hail,8175.918,210,ZA,Clear,0
CO,Cloudy,4021.46,0,CA,Cloudy,0
RU,Cloudy,1512.722,0,DE,Cloudy,0
IN,Clear,10152.881,0,CO,Cloudy,0
ZA,Damaging Wind,6330.996,0,CN,Clear,0
CN,Sunny,7492.081,0,ZA,Sunny,0
CA,Clear,7836.314,0,AU,Cloudy,0
CN,Hail,667.912,120,CN,Sunny,0
CN,Clear,5743.838,105,GB,Cloudy,0
US,Rain,8820.077,0,ZA,Clear,0
CN,Heavy Fog,4308.212,270,PL,Hail,0
IT,Heavy Fog,4591.468,0,PR,Clear,0
IN,Thunder & Lightning,8358.822,0,US,Sunny,0
EC,Rain,8541.477,0,AU,Sunny,0
NO,Clear,763.57,0,GB,Sunny,0
CH,Damaging Wind,0,0,CH,Damaging Wind,0
AT,Sunny,5694.907,0,JP,Sunny,0
CN,Sunny,6716.572,0,ZA,Rain,0
EC,Clear,5653.539,0,GB,Clear,0
IT,Rain,6365.376,0,EC,Cloudy,0
SE,Clear,8123.06,0,CL,Clear,0
IN,Damaging Wind,8356.006,0,US,Damaging Wind,0
IN,Thunder & Lightning,4502.08,0,ZA,Sunny,0
IT,Sunny,4225.733,0,CA,Cloudy,0
CA,Rain,4117.335,180,IT,Cloudy,0
US,Thunder & Lightning,6022.663,0,IT,Rain,0
IT,Sunny,9956.326,0,AU,Rain,0
US,Clear,4174.736,105,GB,Heavy Fog,0
GB,Rain,5948.853,225,JP,Rain,0
PL,Cloudy,816.927,330,IT,Clear,0
PL,Clear,4266.629,255,US,Thunder & Lightning,0
US,Cloudy,8086.412,0,CN,Damaging Wind,0
US,Clear,8679.722,0,AU,Cloudy,0
NO,Damaging Wind,4499.18,150,US,Hail,0
IT,Thunder & Lightning,3881.655,0,IN,Cloudy,0
MX,Damaging Wind,6117.813,210,FI,Sunny,0
US,Sunny,4930.526,0,IT,Rain,0
AR,Clear,9816.664,0,IN,Cloudy,0
IT,Clear,26.071,0,IT,Thunder & Lightning,0
RU,Heavy Fog,1260.436,0,DE,Cloudy,0
IT,Sunny,358.888,0,DE,Heavy Fog,0
